career_domain,Total,Correct,Accuracy,Accuracy (%),Error_Rate (%)
ARTS & DESIGN,19,19,1.0,100.0,0.0
EDUCATION,18,18,1.0,100.0,0.0
BUSINESS,21,21,1.0,100.0,0.0
ENGINEERING,34,34,1.0,100.0,0.0
sports,14,14,1.0,100.0,0.0
aviation,16,16,1.0,100.0,0.0
arts & design,16,16,1.0,100.0,0.0
N/A,4,4,1.0,100.0,0.0
NA,7,7,1.0,100.0,0.0
TRANSPORTATION,24,24,1.0,100.0,0.0
MANUFACTURING,20,20,1.0,100.0,0.0
technology,38,38,1.0,100.0,0.0
manufacturing,15,15,1.0,100.0,0.0
UNKNOWN,2,2,1.0,100.0,0.0
business,15,15,1.0,100.0,0.0
environment,13,13,1.0,100.0,0.0
media & communication,16,16,1.0,100.0,0.0
na,7,7,1.0,100.0,0.0
Environment,92,90,0.9782608695652174,97.83,2.17
Marine,75,73,0.9733333333333334,97.33,2.67
ENERGY,30,29,0.9666666666666667,96.67,3.33
fashion,29,28,0.9655172413793104,96.55,3.45
life sciences,27,26,0.9629629629629629,96.3,3.7
MARINE,26,25,0.9615384615384616,96.15,3.85
LAW,25,24,0.96,96.0,4.0
agriculture,25,24,0.96,96.0,4.0
AGRICULTURE,25,24,0.96,96.0,4.0
law,21,20,0.9523809523809523,95.24,4.76
AVIATION,21,20,0.9523809523809523,95.24,4.76
Research,82,78,0.9512195121951219,95.12,4.88
Psychology & Social Services,101,96,0.9504950495049505,95.05,4.95
finance,20,19,0.95,95.0,5.0
government & public service,20,19,0.95,95.0,5.0
ENVIRONMENT,20,19,0.95,95.0,5.0
?,38,36,0.9473684210526315,94.74,5.26
hospitality & tourism,19,18,0.9473684210526315,94.74,5.26
HEALTHCARE,37,35,0.9459459459459459,94.59,5.41
Business,73,69,0.9452054794520548,94.52,5.48
Manufacturing,73,69,0.9452054794520548,94.52,5.48
transportation,18,17,0.9444444444444444,94.44,5.56
energy,18,17,0.9444444444444444,94.44,5.56
Media & Communication,86,81,0.9418604651162791,94.19,5.81
Life Sciences,85,80,0.9411764705882353,94.12,5.88
Arts & Design,101,95,0.9405940594059405,94.06,5.94
SPORTS,33,31,0.9393939393939394,93.94,6.06
TECHNOLOGY,49,46,0.9387755102040817,93.88,6.12
defence & security,16,15,0.9375,93.75,6.25
DEFENCE & SECURITY,16,15,0.9375,93.75,6.25
Finance,109,102,0.9357798165137615,93.58,6.42
unknown,31,29,0.9354838709677419,93.55,6.45
Engineering,201,188,0.9353233830845771,93.53,6.47
Healthcare,195,181,0.9282051282051282,92.82,7.18
General,153,142,0.9281045751633987,92.81,7.19
research,13,12,0.9230769230769231,92.31,7.69
Sports,116,107,0.9224137931034483,92.24,7.76
healthcare,38,35,0.9210526315789473,92.11,7.89
MEDIA & COMMUNICATION,25,23,0.92,92.0,8.0
Agriculture,99,91,0.9191919191919192,91.92,8.08
Technology,213,195,0.9154929577464789,91.55,8.45
Education,117,107,0.9145299145299145,91.45,8.55
Architecture & Construction,99,90,0.9090909090909091,90.91,9.09
skilled trades,22,20,0.9090909090909091,90.91,9.09
Government & Public Service,88,80,0.9090909090909091,90.91,9.09
Defence & Security,74,67,0.9054054054054054,90.54,9.46
marine,21,19,0.9047619047619048,90.48,9.52
Transportation,93,84,0.9032258064516129,90.32,9.68
Skilled Trades,82,74,0.9024390243902439,90.24,9.76
RESEARCH,30,27,0.9,90.0,10.0
GOVERNMENT & PUBLIC SERVICE,20,18,0.9,90.0,10.0
Aviation,100,90,0.9,90.0,10.0
LOGISTICS & SUPPLY CHAIN,19,17,0.8947368421052632,89.47,10.53
HOSPITALITY & TOURISM,19,17,0.8947368421052632,89.47,10.53
education,27,24,0.8888888888888888,88.89,11.11
ARCHITECTURE & CONSTRUCTION,18,16,0.8888888888888888,88.89,11.11
logistics & supply chain,18,16,0.8888888888888888,88.89,11.11
Hospitality & Tourism,88,78,0.8863636363636364,88.64,11.36
FASHION,26,23,0.8846153846153846,88.46,11.54
Logistics & Supply Chain,90,79,0.8777777777777778,87.78,12.22
Fashion,87,76,0.8735632183908046,87.36,12.64
Law,91,79,0.8681318681318682,86.81,13.19
LIFE SCIENCES,30,26,0.8666666666666667,86.67,13.33
PSYCHOLOGY & SOCIAL SERVICES,21,18,0.8571428571428571,85.71,14.29
Energy,107,90,0.8411214953271028,84.11,15.89
-,31,26,0.8387096774193549,83.87,16.13
SKILLED TRADES,24,20,0.8333333333333334,83.33,16.67
architecture & construction,18,15,0.8333333333333334,83.33,16.67
engineering,41,34,0.8292682926829268,82.93,17.07
null,5,4,0.8,80.0,20.0
psychology & social services,20,16,0.8,80.0,20.0
FINANCE,21,16,0.7619047619047619,76.19,23.81
,2,1,0.5,50.0,50.0
