Feature,Pearson_Correlation_with_Label,Abs_Correlation
composite_score,0.4972,0.4972
ability_interest_synergy,0.4361,0.4361
ability_match_component,0.3772,0.3772
match_component_min,0.2977,0.2977
match_component_max,0.2837,0.2837
academic_learning_product,0.2832,0.2832
interest_match_component,0.2395,0.2395
learning_ability,0.211,0.211
learning_match_component,0.2108,0.2108
academic_match_component,0.2008,0.2008
overall_percentage,0.2004,0.2004
match_component_std,-0.1308,0.1308
interest_ability_ratio,-0.1281,0.1281
ability_academic_discrepancy,-0.084,0.084
cognitive_aptitude_mean,-0.0735,0.0735
logical_reasoning,-0.0412,0.0412
analytical_thinking,-0.0375,0.0375
creativity,-0.0315,0.0315
soft_skills_mean,-0.03,0.03
problem_solving,-0.0294,0.0294
scientific_thinking,-0.0283,0.0283
mathematical_ability,-0.0277,0.0277
digital_readiness_score,-0.0177,0.0177
class,0.001,0.001
age,0.0008,0.0008
