,count,mean,std,min,25%,50%,75%,max
age,49691.0,14.73,2.13,11.0,13.0,15.0,16.0,19.0
class,49691.0,9.55,1.7,7.0,8.0,10.0,11.0,12.0
ability_match_component,49691.0,73.41,6.79,44.6,68.94,73.66,78.2,95.6
interest_match_component,49691.0,73.21,6.13,0.0,69.33,73.43,77.35,92.3
academic_match_component,49691.0,71.18,15.89,12.0,60.9,73.1,83.5,99.9
learning_match_component,49691.0,71.24,16.03,11.8,60.5,73.4,83.9,99.7
composite_alignment_index,49691.0,72.9,4.36,37.83,70.06,73.05,75.89,89.06
ability_interest_synergy,49691.0,53.74,6.71,0.0,49.27,53.76,58.25,80.67
ability_interest_gap,49691.0,7.22,5.63,0.0,2.87,6.09,10.38,83.76
min_core_match,49691.0,69.7,5.68,0.0,66.3,70.01,73.53,89.04
max_core_match,49691.0,76.92,5.03,57.04,73.54,76.97,80.36,95.6
harmonic_core_match,49691.0,73.01,4.85,0.0,70.04,73.19,76.2,89.78
geometric_core_synergy,49691.0,73.15,4.81,0.0,70.19,73.32,76.32,89.81
holistic_synergy,49691.0,71.34,6.84,0.0,67.25,72.03,76.12,90.63
